# GTM SIGNALS EXPORT,Generated: 2025-11-05 20:20:20,,,,,,,,
# Total Signals: 20,Date Range: 2025-09-21 to 2025-11-05,,,,,,,,
# High Confidence: 20,"Categories: PRODUCT, TIMING, MARKET, TALENT",,,,,,,,
,,,,,,,,,
signal_id,headline,description,signal_type,gtm_category,date,source,source_url,confidence,strategic_implication
SIG-20251105-C868E4B1,"Stripe has approximately 12,538 employees","Stripe has approximately 12,538 employees",growth,TALENT,2025-11-05,LinkedIn,https://www.linkedin.com/company/stripe,high,Primary GTM dimension: TALENT (confidence: low) This signal indicates organizational changes and strategic hiring. GTM Action: Monitor organizational changes that signal strategic direction.
SIG-20251105-EB7B557B,Stripe is actively hiring for 150+ open positions globally,Stripe is actively hiring for 150+ open positions globally Open positions: 150,hiring,TALENT,2025-11-05,LinkedIn,https://www.linkedin.com/company/stripe/jobs,high,Primary GTM dimension: TALENT (confidence: medium) This signal indicates organizational changes and strategic hiring. Also relevant to: ICP GTM Action: Monitor organizational changes that signal strategic direction.
SIG-20251105-E66256DC,stripe-android repository actively maintained,stripe-android repository actively maintained  Strategic Implication: Continued investment in android developer ecosystem,sdk_update,PRODUCT,2025-11-05,GitHub,https://github.com/stripe/stripe-android,high,Continued investment in android developer ecosystem
SIG-20251104-6C4920C0,stripe-python repository actively maintained,stripe-python repository actively maintained  Strategic Implication: Continued investment in python developer ecosystem,sdk_update,PRODUCT,2025-11-04,GitHub,https://github.com/stripe/stripe-python,high,Continued investment in python developer ecosystem
SIG-20251103-7CC64F83,stripe-php repository actively maintained,stripe-php repository actively maintained  Strategic Implication: Continued investment in php developer ecosystem,sdk_update,PRODUCT,2025-11-03,GitHub,https://github.com/stripe/stripe-php,high,Continued investment in php developer ecosystem
SIG-20251031-5D8DF7D9,stripe-react-native repository actively maintained,stripe-react-native repository actively maintained  Strategic Implication: Continued investment in react developer ecosystem,sdk_update,PRODUCT,2025-10-31,GitHub,https://github.com/stripe/stripe-react-native,high,Continued investment in react developer ecosystem
SIG-20251031-D484FD2B,Signal,API version 2024-11-01 released with backward compatibility guarantees,api_versioning,TIMING,2025-10-31,Stripe Official,https://stripe.com/docs/upgrades,high,Mature API governance showing enterprise-grade stability
SIG-20251021-D634B7AA,stripe-python v8.0.0 released with async support and improved type hints,"stripe-python v8.0.0 released with async support and improved type hints  Strategic Implication: Modernizing Python SDK for growing async/await adoption, targeting ML/AI workloads Version: v8.0.0",sdk_update,PRODUCT,2025-10-21,GitHub,https://github.com/stripe/stripe-python/releases,high,"Modernizing Python SDK for growing async/await adoption, targeting ML/AI workloads"
SIG-20251018-742C3AF3,Signal,Financial Connections API v2 launched with real-time bank verification,new_api_endpoint,PRODUCT,2025-10-18,Stripe Official,https://stripe.com/docs/changelog,high,"Competing with Plaid in banking data aggregation, expanding into account verification"
SIG-20251016-42A5734B,"High commit velocity: 1,200+ commits across SDK repositories in Q4 2024","High commit velocity: 1,200+ commits across SDK repositories in Q4 2024  Strategic Implication: Aggressive development pace indicates strong product roadmap execution",commit_activity,PRODUCT,2025-10-16,GitHub,https://github.com/stripe,high,Aggressive development pace indicates strong product roadmap execution
SIG-20251016-4A049EBA,Signal,Billing API adds usage-based pricing with custom meters,api_expansion,PRODUCT,2025-10-16,Stripe Official,https://stripe.com/docs/billing,high,Targeting infrastructure/API companies with consumption-based models
SIG-20251014-673CDAE3,stripe-js v3.2.0 adds Payment Element customization APIs,"stripe-js v3.2.0 adds Payment Element customization APIs  Strategic Implication: Enhanced UI customization for merchants, reducing integration friction Version: v3.2.0",sdk_update,PRODUCT,2025-10-14,GitHub,https://github.com/stripe/stripe-js/releases,high,"Enhanced UI customization for merchants, reducing integration friction"
SIG-20251011-C279049B,Stripe CLI v1.19.0 adds local webhook testing and event simulation,Stripe CLI v1.19.0 adds local webhook testing and event simulation  Strategic Implication: Improving developer experience and reducing integration time Version: v1.19.0,developer_tools,PRODUCT,2025-10-11,GitHub,https://github.com/stripe/stripe-cli/releases,high,Improving developer experience and reducing integration time
SIG-20251008-C8AB58C5,Signal,Terminal API adds offline payment support,api_enhancement,PRODUCT,2025-10-08,Stripe Official,https://stripe.com/docs/terminal,high,Improving in-person payment reliability for retail and hospitality
SIG-20251006-34EBFB10,stripe-react-native v0.35.0 adds Apple Pay and Google Pay support,stripe-react-native v0.35.0 adds Apple Pay and Google Pay support  Strategic Implication: Targeting mobile-first businesses and app developers with native payment experiences Version: v0.35.0,sdk_update,PRODUCT,2025-10-06,GitHub,https://github.com/stripe/stripe-react-native/releases,high,Targeting mobile-first businesses and app developers with native payment experiences
SIG-20251004-998FF60E,Signal,Issuing API v3 adds multi-currency card support,new_api_endpoint,PRODUCT,2025-10-04,Stripe Official,https://stripe.com/docs/issuing,high,Expanding card issuing capabilities for global fintech platforms
SIG-20251001-5F43D70B,stripe-go v76.0.0 adds support for new Treasury APIs,"stripe-go v76.0.0 adds support for new Treasury APIs  Strategic Implication: Expanding into banking-as-a-service market, targeting fintech platforms Version: v76.0.0",sdk_update,PRODUCT,2025-10-01,GitHub,https://github.com/stripe/stripe-go/releases,high,"Expanding into banking-as-a-service market, targeting fintech platforms"
SIG-20250926-0893FA28,Added comprehensive TypeScript definitions to stripe-js library,Added comprehensive TypeScript definitions to stripe-js library  Strategic Implication: Improving developer experience for TypeScript adoption trend,code_quality,MARKET,2025-09-26,GitHub,https://github.com/stripe/stripe-js,high,Improving developer experience for TypeScript adoption trend
SIG-20250924-D776CE62,Signal,Webhook delivery now includes automatic retry with exponential backoff,webhook_enhancement,PRODUCT,2025-09-24,Stripe Official,https://stripe.com/docs/webhooks,high,Improving reliability and developer experience for event-driven integrations
SIG-20250921-3A978DFA,New repository: stripe-agent-toolkit for AI agent integrations,"New repository: stripe-agent-toolkit for AI agent integrations  Strategic Implication: Strategic pivot to AI/LLM ecosystem, enabling autonomous payment agents",new_repository,PRODUCT,2025-09-21,GitHub,https://github.com/stripe/stripe-agent-toolkit,high,"Strategic pivot to AI/LLM ecosystem, enabling autonomous payment agents"
